wishbound_asset_id,role,runtime_path,sha256,publication_state
WB-SAFE-0001,prop,images/astref_safe/wb_safe_0001_prop.webp,ea26c338ab54f91b6f2297a01bb48506ff416996e55a525ec2ca4260f15b18b0,cleared_reviewed
WB-SAFE-0002,prop,images/astref_safe/wb_safe_0002_prop.webp,c78adbe9407daea44c6b947b5f1782b1706fbf310142e745f6bc01c00782c60d,cleared_reviewed
WB-SAFE-0003,prop,images/astref_safe/wb_safe_0003_prop.webp,9bdc7706d0793f8d5ea9d799e6ed0c8362f4b8a94fd3c1c3eed66854aaadb128,cleared_reviewed
WB-SAFE-0004,prop,images/astref_safe/wb_safe_0004_prop.webp,a953b3d4f35fa73c9d9920f4bc8ed98ec08f22f5cb02c36dc67c6f3b648a4d38,cleared_reviewed
WB-SAFE-0005,prop,images/astref_safe/wb_safe_0005_prop.webp,fcc8f4f7e7115720905ecebe12c495f68baba597901a841dd68172dacd90b3cd,cleared_reviewed
WB-SAFE-0006,prop,images/astref_safe/wb_safe_0006_prop.webp,ead0d705cd39a17293bb579dff8d8383e2dec8c0156f8b8efb5e2156ba185acd,cleared_reviewed
WB-SAFE-0007,prop,images/astref_safe/wb_safe_0007_prop.webp,83e197d2290b4d017b1d71b4a90505971dfb959fadcf1b2b28cda5ea01698202,cleared_reviewed
WB-SAFE-0008,prop,images/astref_safe/wb_safe_0008_prop.webp,def25ea6620205662346affc9df104d55856e84cf1045576cdf9457cfc6d3dfe,cleared_reviewed
WB-SAFE-0009,prop,images/astref_safe/wb_safe_0009_prop.webp,092c1e52e390663108fd0039cbfc4afc01fbdb9cbb42a357c233fb1b5ad689a8,cleared_reviewed
WB-SAFE-0010,prop,images/astref_safe/wb_safe_0010_prop.webp,95e5b904c94b75f991719a7104d7b8f28c79f0793dcba846abe6943454c1803c,cleared_reviewed
WB-SAFE-0011,background,images/astref_safe/wb_safe_0011_background.webp,288acf20efdafe6514407b701a95cf523f65461add952b64a2b7e35af449741e,cleared_reviewed
WB-SAFE-0012,background,images/astref_safe/wb_safe_0012_background.webp,174646ca343514e5d79f682cb3dcc0673ecd9444f06dae6bc7e81df66fe62788,cleared_reviewed
WB-SAFE-0013,background,images/astref_safe/wb_safe_0013_background.webp,de7956431d75d0bdad1f5e1d1951e453b2e97e403434ee2bb4ef818fd3aa8655,cleared_reviewed
WB-SAFE-0014,background,images/astref_safe/wb_safe_0014_background.webp,d776d0463328ab10912541f74400e2c5b2e78914893558ba6788c8f6b5d293a6,cleared_reviewed
WB-SAFE-0015,background,images/astref_safe/wb_safe_0015_background.webp,34da29352b1b28452642539dda078c1c3ad2e0ac155585c376a9ca201f147e96,cleared_reviewed
WB-SAFE-0016,background,images/astref_safe/wb_safe_0016_background.webp,cd1673d2dc3bb0953c1b0a6f9aedcd6c82485acf2151185076afa5cf5ae29e50,cleared_reviewed
WB-SAFE-0017,background,images/astref_safe/wb_safe_0017_background.webp,9b25bb78ad1c82e6b51e2547a2063ac98b17bf1f465ec6609ebdeb54e7782c06,cleared_reviewed
WB-SAFE-0018,background,images/astref_safe/wb_safe_0018_background.webp,6fa3450f7f3147b1dcb77c59257cf0c41f8f710e9fed81b7cf1eec0ed43b7f00,cleared_reviewed
WB-SAFE-0019,background,images/astref_safe/wb_safe_0019_background.webp,93a80e56bad3f0d25d126bab43920ce7c5cc0685fc587227388917ee78fe8284,cleared_reviewed
WB-SAFE-0020,background,images/astref_safe/wb_safe_0020_background.webp,98264033850e88e135881c6387f15fa70fbefca7c5520def5df7595142168775,cleared_reviewed
WB-SAFE-0021,background,images/astref_safe/wb_safe_0021_background.webp,ffaf1b955f91f3add9d79c4a375b57936e5e6c550e5c74c1c53593bb697bc14e,cleared_reviewed
WB-SAFE-0022,background,images/astref_safe/wb_safe_0022_background.webp,10eb2c83ba297e085fdef6347dec2c6cb60fa792841d7b3243acbc62ab42390e,cleared_reviewed
WB-SAFE-0023,background,images/astref_safe/wb_safe_0023_background.webp,c838a8b275f9dc4a4f86634bd59ea25d2d086fbfea96a1b1c9a8f04877270ba3,cleared_reviewed
WB-SAFE-0024,background,images/astref_safe/wb_safe_0024_background.webp,a9b44816e09707c15bb217e8e5c9bf3d2c543ef8276728592883c948974dac7c,cleared_reviewed
WB-SAFE-0025,background,images/astref_safe/wb_safe_0025_background.webp,f7592b61e219d236bd1babaae5a27823258d464fc824c7020e9bfbe37f93520a,cleared_reviewed
WB-SAFE-0026,background,images/astref_safe/wb_safe_0026_background.webp,7f8d2474221111cec4b1d8be8def6a1627877142d1a7ad7b5f1045b064e902ae,cleared_reviewed
WB-SAFE-0027,background,images/astref_safe/wb_safe_0027_background.webp,5b10fcfddccdb8cd0c861e84a508196295c8a75e688d64c9711a6e3157376a24,cleared_reviewed
WB-SAFE-0028,background,images/astref_safe/wb_safe_0028_background.webp,ae00ffbdaa4bfb7bd8b6ab8f71213afcf55580e6a82ac7febc8b52881793bfcb,cleared_reviewed
WB-SAFE-0029,background,images/astref_safe/wb_safe_0029_background.webp,90e77bc9feca8323822adf34e99d904df806ba391028927c66a37abed5ee4161,cleared_reviewed
WB-SAFE-0030,background,images/astref_safe/wb_safe_0030_background.webp,f58afc207d986235652fe10534dc577db7952ac5b9dd7ea4336ddb5814181fc3,cleared_reviewed
WB-SAFE-0031,background,images/astref_safe/wb_safe_0031_background.webp,17a7327d2af093aeb03401976abee22d871a401f66a058c50dfbe694308f49f7,cleared_reviewed
WB-SAFE-0032,background,images/astref_safe/wb_safe_0032_background.webp,a631250ff0eb228bd05a919e5015af12da4e651d65f0474a6ac197fd0591b0d6,cleared_reviewed
WB-SAFE-0033,background,images/astref_safe/wb_safe_0033_background.webp,e07fda676e5692e9dcb5fdb09c961bb5e323cde32d7ca8b7debe833ae5e0b3a0,cleared_reviewed
WB-SAFE-0034,background,images/astref_safe/wb_safe_0034_background.webp,3fc82053dad645a45b48a55e437306613f462b508601454e1094b554c8df01e5,cleared_reviewed
WB-SAFE-0035,background,images/astref_safe/wb_safe_0035_background.webp,fc44c8ed88cd4ead95c7466d6fd2bde98d41569d3049e93e87f191530d0979f3,cleared_reviewed
WB-SAFE-0036,background,images/astref_safe/wb_safe_0036_background.webp,c248003b99c0edca8dc1f731f6dcd674e6e1a32a14c44b97d06ca76bcdf75f51,cleared_reviewed
WB-SAFE-0037,background,images/astref_safe/wb_safe_0037_background.webp,a9da4f4069da117744d1e4c981ec419a3db14e739a663653771c072cac6b2a2d,cleared_reviewed
WB-SAFE-0038,background,images/astref_safe/wb_safe_0038_background.webp,73dc821296654a8da1df25014b87394854c33f82df2e8bb804a315194aa1cb76,cleared_reviewed
WB-SAFE-0039,background,images/astref_safe/wb_safe_0039_background.webp,80642af33b1fb039725a18dd438f31348f74cde20eccc000f6392977fe0d82e8,cleared_reviewed
WB-SAFE-0040,background,images/astref_safe/wb_safe_0040_background.webp,4b3b95840d27f79c121d1aa9a8d923c3013c8662f18723f205b8da1c770f7757,cleared_reviewed
WB-SAFE-0041,background,images/astref_safe/wb_safe_0041_background.webp,11d28287ad3c92e8034fd9929ee8885809e40adb5abe94b2fa8f85e8e254b709,cleared_reviewed
WB-SAFE-0042,background,images/astref_safe/wb_safe_0042_background.webp,9f5b1c43be59e150dc96e9fc4c9eb7a04ef83dd29167b8b6085874fc269c71e6,cleared_reviewed
WB-SAFE-0043,background,images/astref_safe/wb_safe_0043_background.webp,fc353cb4b9e875d81464172c03093091549f55496c6ebedbc75110dfd56a3a39,cleared_reviewed
WB-SAFE-0044,background,images/astref_safe/wb_safe_0044_background.webp,810cca7ac1c151d70e20f873e13652a81719de8acb8abc4eab463d57c77f9c93,cleared_reviewed
WB-SAFE-0045,background,images/astref_safe/wb_safe_0045_background.webp,37d4259d642d041b0e55890d046bddfb58d2e6a2b71a0c53b2c0503066f8cbb8,cleared_reviewed
WB-SAFE-0046,background,images/astref_safe/wb_safe_0046_background.webp,f2089f704b368ff80bb6053ee75e29736611026a84363172e6f1ae7397276a7f,cleared_reviewed
WB-SAFE-0047,background,images/astref_safe/wb_safe_0047_background.webp,d06defde911494e39e194916bfb4d1568375f085f84f264f4498023a749d9350,cleared_reviewed
WB-SAFE-0048,background,images/astref_safe/wb_safe_0048_background.webp,e8a407c99174fa2b144664387d9604febeb60d118801ddf3bd036078338c6fb1,cleared_reviewed
WB-SAFE-0049,background,images/astref_safe/wb_safe_0049_background.webp,aa8a5eda33f209b9ae399062ebe984c259b1b83b4e12dd6c4eada8aaef61a937,cleared_reviewed
WB-SAFE-0050,background,images/astref_safe/wb_safe_0050_background.webp,340eedae2246ef32aa9369005b3c1de1954df8df5e76f886059b70374a256f1f,cleared_reviewed
WB-SAFE-0051,background,images/astref_safe/wb_safe_0051_background.webp,f6e9985433a47c3be5b279eca1e66c365d26171b3e8fad08ecb1638c409b033c,cleared_reviewed
WB-SAFE-0052,background,images/astref_safe/wb_safe_0052_background.webp,e6fc2b583ec51a00faf4e355f501af66997c222ad9336de38913e3ca91a6573a,cleared_reviewed
WB-SAFE-0053,background,images/astref_safe/wb_safe_0053_background.webp,8715a3ae814db01c4dab85210da5fb61b177955203d7283d894cf00331581ff3,cleared_reviewed
WB-SAFE-0054,background,images/astref_safe/wb_safe_0054_background.webp,4e550516319dc67f80256e8a81177b3c10ec4feb990c90b75941cbe50c65a755,cleared_reviewed
WB-SAFE-0055,background,images/astref_safe/wb_safe_0055_background.webp,77b8b86ebafb32f1a1ba874ca73fd5466f0500ca8f350cb49bcab88231a9b046,cleared_reviewed
WB-SAFE-0056,background,images/astref_safe/wb_safe_0056_background.webp,a809a4a9d740f379cd6bebbc6009409c711f393d5648369308bd55efdf4e6974,cleared_reviewed
WB-SAFE-0057,background,images/astref_safe/wb_safe_0057_background.webp,fb5ae7326f2451fbf0bc49cc92c25eb3b13210812bc713b1eb6aaae77d6a93d3,cleared_reviewed
WB-SAFE-0058,background,images/astref_safe/wb_safe_0058_background.webp,4893c29f97f6ab45c1fb66260e932dc912dad9a6090b391883bcc120b8c8c218,cleared_reviewed
WB-SAFE-0059,background,images/astref_safe/wb_safe_0059_background.webp,459ff5e38ff150af5c5922227ccbfb380760db6c8799be064ab0fa07b6b310a3,cleared_reviewed
WB-SAFE-0060,background,images/astref_safe/wb_safe_0060_background.webp,feca3c0fd5a242931c5b75dfbb29a0ae84ffbc88f9a945fcd4baf14bbc42a43f,cleared_reviewed
WB-SAFE-0061,background,images/astref_safe/wb_safe_0061_background.webp,8cb221beea6b6df2ef36fb93dc6b34a3058475c22c3091ec387ac8ef1acbb320,cleared_reviewed
WB-SAFE-0062,background,images/astref_safe/wb_safe_0062_background.webp,5552c625d1ee69907d9f93048ae721a5a7ce2bba2c84ec8684c48c02259be45e,cleared_reviewed
WB-SAFE-0063,background,images/astref_safe/wb_safe_0063_background.webp,2640ff88a75d1992a308f8cce8bafdd676ea8e7e350287b5197c6e1971cd94eb,cleared_reviewed
WB-SAFE-0064,background,images/astref_safe/wb_safe_0064_background.webp,f8cf4ad3347e22de3deaf8c7eec85736843393dc8d61789d05b761fe801a43c8,cleared_reviewed
WB-SAFE-0065,background,images/astref_safe/wb_safe_0065_background.webp,1a61a43a0d8aeaafd98023bebaaa5f0314d062e245e6277c737d4157b27e1145,cleared_reviewed
WB-SAFE-0066,background,images/astref_safe/wb_safe_0066_background.webp,d716514ba640af8d03044201606d11950fef647ba9dbeba2fda7d6209c7a32a6,cleared_reviewed
WB-SAFE-0067,background,images/astref_safe/wb_safe_0067_background.webp,6594dee855c5284e8aa385db7a9d7f45aa11d0d3902cd123d98814c75e82bd43,cleared_reviewed
WB-SAFE-0068,background,images/astref_safe/wb_safe_0068_background.webp,42ec98b60d0b51a0d65a3f795a1b77871976d06216748450ff4f37c26c85a66b,cleared_reviewed
WB-SAFE-0069,background,images/astref_safe/wb_safe_0069_background.webp,4ed0b56541d8b3a741e36f026930aac676bbd53b3f38594c1eda39624424828d,cleared_reviewed
WB-SAFE-0070,background,images/astref_safe/wb_safe_0070_background.webp,b653326a8b6dfe2c87cf35ca983b30cbef99d15ac16ad00936d7b8cae4e902af,cleared_reviewed
WB-SAFE-0071,background,images/astref_safe/wb_safe_0071_background.webp,72adbf51c83feebfcb299e8a1f1aebb00f9bf8996deb33c44d62284c8476554a,cleared_reviewed
WB-SAFE-0072,background,images/astref_safe/wb_safe_0072_background.webp,56a60610044b1b55d2017f83b13f9eff993e43d0ffc78ec019b62fd393432c1f,cleared_reviewed
WB-SAFE-0073,background,images/astref_safe/wb_safe_0073_background.webp,ca5942ae9b7d47024f8197b41cd43998625760f5f5a08229150ff7a3e426c54e,cleared_reviewed
WB-SAFE-0074,background,images/astref_safe/wb_safe_0074_background.webp,2a7d2bf62febf4dba0bf83c9ab144171ca147f02054c05e76c1e6c4127b9c7cb,cleared_reviewed
WB-SAFE-0075,background,images/astref_safe/wb_safe_0075_background.webp,43d54613f8c823cf264a531474d448702dff19d2a0a9be234eb78df01b9ad68e,cleared_reviewed
WB-SAFE-0076,background,images/astref_safe/wb_safe_0076_background.webp,a621693ed8c0a82cb7a6e5fcd4775be9b2c192ab9d2246104427ccabebc15fbe,cleared_reviewed
